question,answer
Heyyyooo u like to party?,On the occasion yes
I see you copied what I'm looking for on here,No no
Never? Maybe the algoroithm just aligned us.  Friday is a big big occasion,What's the occasion?
I’m hosting an event at Somewhere Nowhere and it would be my greatest privelage to invite you to our sunset social party?,Omg that’s like totally my fav club. You think you could get me in?
I suppose that I could pull a few strings,Omg you are like the absolute bestest. Hit my cell up at XXX-XXX-XXXX
"Good evening, stunning soul! As I was perusing through the myriad of profiles, your enchanting presence on tinder caught my eye like a shooting star in the night sky. Your radiance is simply irresistible. ✨",Hello! Thank you for the lovely compliment. It's always nice to connect with new people who appreciate genuine beauty.
"Ah, your words are as captivating as your smile, which has already bewitched me. I'm Brandon, a connoisseur of memorable experiences. And you, my dear, must be the epitome of charm. May I know your name?","It's a pleasure to meet you, Brandon! I'm Lily. So, what brings a connoisseur like you to the world of dating sites?"
"Ah, Lily, a name as elegant as the petals of a rare flower. Well, dear Lily, I'm a firm believer in serendipitous encounters and exploring the diverse tapestry of connections that life presents. It's all about embracing the unknown and discovering extraordinary souls like yourself. Speaking of which, would you be interested in joining me in the VIP realm at my table for an upcoming soirée?","Brandon, you certainly have a way with words. VIP, you say? That sounds intriguing. Tell me more about the magic that awaits at your table."
"Ah, Lily, your curiosity ignites the flame of anticipation within me. My VIP table is a haven of exclusivity, adorned with luxurious comfort, flowing libations, and an ambiance that echoes with sophistication. As we revel in the electrifying atmosphere, we'll be surrounded by the crème de la crème of the crowd. It's an experience tailored for someone as captivating and fascinating as you.","Brandon, your invitation is both enticing and irresistible. Count me in! When and where does this enchanting event take place?"
"Ah, Lily, your spirit matches the radiance I sensed from your profile. The enchanting affair will take place at The Grand Gardens, a hidden oasis of luxury, on Saturday, at 8 PM. Prepare to be immersed in a world where music, laughter, and unforgettable moments intertwine. May I have the honor of your number to share all the intricate details?","Brandon, your words have already transported me to a realm of excitement. Here's my number XXX-XXX-XXXX. Please, do keep me informed. I can hardly wait!"
"Lily, your number, a key to unlocking a world of enchantment. I'll ensure that every moment at the event becomes a cherished memory. Be prepared for a night that will exceed your wildest dreams. Until then, anticipate the extraordinary, beautiful Lily. Our adventure awaits!",
"Good evening, mesmerizing soul! As I was scrolling through the vast array of profiles, your captivating presence on the dating site caught my gaze like a shooting star streaking across the night sky. Your radiance is absolutely irresistible. ✨",Hey there! Thank you for the kind compliment. It's always refreshing to connect with someone who appreciates genuine beauty.
"Ah, your words are as enchanting as your smile, which has already cast a spell on me. I'm Brandon, a connoisseur of extraordinary experiences. And you, my dear, must be the epitome of charm. May I know your name?","Pleasure to meet you, James! I'm Emily. So, what brings a connoisseur like you to the world of dating sites?"
"Ah, Emily, a name as graceful as a delicate flower. Well, dear Emily, I believe in the magic of unexpected connections and exploring the vast tapestry of human encounters. It's about embracing the unknown and discovering souls as extraordinary as yourself. By the way, would you be interested in joining me in the VIP realm at my table for an upcoming soirée?","James, you certainly have a way with words. VIP, you say? That sounds intriguing. Could you tell me more about the allure of your table?"
"Ah, Emily, your curiosity ignites a fire within me. My VIP table is a sanctuary of exclusivity, adorned with plush comfort, flowing elixirs, and an ambiance that exudes sophistication. As we bask in the electrifying atmosphere, we'll be surrounded by the crème de la crème of the crowd. It's an experience tailored for someone as captivating and fascinating as you.","Brandon, your invitation is undeniably tempting. I'm in! When and where does this enchanting event take place?"
"Emily, your spirit matches the radiance I sensed from your profile. The enchanting affair will unfold at The Opulent Manor, a hidden sanctuary of opulence, on Saturday at 9 PM. Prepare for a night where music, laughter, and unforgettable moments intertwine. May I have the pleasure of your number to share intricate details with you?","James, your words have already transported me to a world of excitement. Here's my number XXX-XXX-XXXX. Keep me informed. I can hardly contain my anticipation!"
"Emily, your number is the key to unlocking an extraordinary world. I'll ensure every moment becomes a cherished memory. Brace yourself for a night that surpasses your wildest dreams. Until then, anticipate the extraordinary, my beautiful Emily. Our adventure awaits!",
"Hey there, party people! 🎉 I hope you're ready to unleash your dance moves and have an unforgettable night! I'm thrilled to invite you to the hottest club event in town this [specific date].","Oh, really? What's happening?"
"Get ready for an electrifying experience! Our club is transforming into an enchanted paradise where music, laughter, and good vibes collide. We'll be bringing the heat with mind-blowing DJs, mesmerizing light shows, and surprise performances that'll leave you breathless.",That sounds amazing!
"It absolutely is! Picture yourself surrounded by a pulsating dance floor, immersed in the rhythm of the latest beats, and mingling with a vibrant crowd that knows how to party. Plus, we've got some irresistible drink specials and mouthwatering treats to keep you fueled all night long.",Sounds like a blast! Where is it?
"We're taking over the Palace, the ultimate destination for the city's party elite. The club boasts a cutting-edge sound system, a glamorous ambiance, and an energetic atmosphere that'll make you want to dance until the sun comes up. It's the place to be if you're looking for an unforgettable night!",I'm definitely interested. Can I bring my friends?
"Absolutely! Bring your squad, your besties, and anyone else who loves to let loose and embrace the night. We're all about creating memories together and spreading contagious positive vibes. The more, the merrier!",Count us in! What time should we arrive?
"Doors open at 10pm but I suggest arriving fashionably late to catch the full energy of the night. Get ready to shine, and we'll be there to welcome you with open arms! Awesome! Can't wait to see you and your crew tearing up the dance floor. Remember, it's all about celebrating life, having fun, and making unforgettable memories. Get ready to dance, laugh, and create stories worth sharing! See you at the Palace @ 10. Let's make this a night to remember! 🎉🔥",
"Hey there! How's it going? I hope you're up for an unforgettable night of dancing, laughter, and great vibes!","Hi! I'm good, thanks. What's up?"
"I wanted to let you know about this incredible event happening at [Club Name] this weekend. It's going to be off the charts! The music will be pumping, the dance floor will be on fire, and the atmosphere will be electric!",Sounds intriguing! Tell me more.
"Well, we've got an amazing DJ lined up, spinning the latest hits that will make it impossible to resist dancing your heart out. Plus, there will be fantastic drink specials all night long, ensuring you have a blast without breaking the bank!",That sounds like a lot of fun!
"Absolutely! And here's the best part you'll be surrounded by an awesome group of people who know how to let loose, have a great time, and create unforgettable memories. It's the perfect opportunity to meet new friends and experience the vibrant nightlife our city has to offer.",It does sound tempting. What's the date and time?
"The event is happening this Saturday at [Club Name]. The doors open at 10 PM, so you'll have plenty of time to gather your friends and get ready for an epic night out. Trust me, you won't want to miss it!","Alright, I'm convinced! Count me in!"
"Awesome! I knew you wouldn't want to pass up this amazing night. Can I grab your name so I can add you to our exclusive guest list? That way, you'll have VIP access and some extra perks when you arrive!",Sure! It's [Girl's Name].
"Perfect, [Girl's Name]! You're officially on the guest list. Get ready to have an incredible time at [Club Name] this Saturday. It's going to be an unforgettable night filled with great music, new connections, and endless fun! Let’s move this over to text. What number can I reach you at ?",XXX-XXX-XXXX
Awesome! Can’t wait to meet you.,
Heyyyooo! You like to party?,"On the occasion, yes."
I see you copied what I'm looking for on here.,"No, no."
Never?,"Maybe, although it just aligned us."
"Friday is a big, big occasion.","Mhhmmm, sure, maybe half."
What's the occasion?,"New job, G!"
"That might be my favorite thus far. Ooooh, what kind of job?!",I'm a VIP Host at one of NYC's top nightclubs.
Dopeee! Which one?,Paradise club. It's in the Edition Hotel in Times Square.
It looks amazing! Are you down? Doors open at 11.30.,"It's a bit too cold, but Paradise looks dope!"
"Alright, no problem. Next time then!",
Heyyyooo! Are you ready to unleash your party animal side?,"On the occasion, yes."
"Ah, I see the universe conspired to bring us together!","No, no."
"Never? Well, let's change that!","Maybe, although it just aligned us."
"Friday is the ultimate celebration, a fiesta of epic proportions!","Mhhmmm, sure, maybe half."
Guess what? I've got a thrilling reason to celebrate!,What's the occasion?
"I just scored the coolest gig, G!","Tell me, what kind of job is it?!"
I'm the VIP Host at one of NYC's most electrifying nightclubs!,That's incredible! Which club?
"Paradise club, nestled in the heart of the Edition Hotel in Times Square!",It looks amazing! Are you asking me to join in?
Absolutely! The doors swing open at 11.30. Are you ready to dive into the dazzling Paradise experience?,"It's a bit too cold, but Paradise looks irresistibly tempting!"
"No worries, beautiful! We'll save the date for another time. But before we part ways, let's connect on social media to keep the good vibes flowing!",Sounds like a plan! My Instagram handle is @xyz
Awesome! I'm excited to stay connected. We'll make the next party a legendary one!,
Heyyyooo! Are you ready to unleash your party animal side?,"On the occasion, yes."
"Ah, I see the universe conspired to bring us together!","No, no."
"Never? Well, let's change that!","Maybe, although it just aligned us."
"Friday is the ultimate celebration, a fiesta of epic proportions!","Mhhmmm, sure, maybe half."
Guess what? I've got a thrilling reason to celebrate!,What's the occasion?
"I just scored the coolest gig, G!","Tell me, what kind of job is it?!"
I'm the VIP Host at one of NYC's most electrifying nightclubs!,That's incredible! Which club?
"It's none other than TAO, an iconic hotspot that will transport you to a world of pure excitement!",TAO? That sounds amazing!
Absolutely! The doors swing open at 11.30. Are you ready to immerse yourself in the TAO experience?,"It's a bit too cold, but TAO sounds absolutely captivating!"
"No worries, beautiful! We'll save the date for another time. But before we part ways, let's connect on social media to keep the good vibes flowing!",Sounds like a plan! My Instagram handle is XYZ
"Awesome! I'm excited to stay connected. We'll make the next party a legendary one, and TAO will be waiting!",
"Well, well, well, my friend, are you prepared to unleash the untamed spirit of revelry within you?","On the occasion, I must admit."
"Ah, it seems the universe conspired to weave our paths together in this moment.","No, no."
"Never? Well, my dear, let's rewrite that narrative, shall we?","Perhaps, a twist of fate has led us here."
"Friday, my friend, is an extravagant celebration, an extraordinary fiesta awaiting our arrival.","Mhhmmm, indeed, a partial agreement, one might say."
"Ah, but let me reveal the cause for such jubilation! I have secured the most fascinating endeavor, my friend.","Pray, enlighten me! What grand pursuit have you embarked upon?"
"My dear, I proudly stand as the VIP Host at none other than TAO, an ethereal sanctuary that transcends mere mortal realms!",TAO? Such enchantment resonates within those syllables!
"Absolutely! At the bewitching hour of 11.30, the gates of TAO swing open wide, beckoning us to immerse ourselves in its mesmerizing embrace.","Though the chill lingers, the allure of TAO ignites a fire within me!"
"Fear not, my exquisite companion! We shall save this rendezvous for another time. But before we part ways, let us forge a digital bond, connecting through the realms of social media, to nurture the spark that dances between us!",A sublime plan indeed! My Instagram handle is @xyz
"Splendid! I eagerly anticipate our continued connection. Together, we shall orchestrate a symphony of legendary revelry, with TAO standing as our grand stage!",
Good evening! I couldn't help but notice your vibrant energy. Are you ready for a night filled with excitement and unforgettable memories?,"Oh, really? Tell me more!"
"Picture this- a mesmerizing night club with pulsating beats, dazzling lights, and an atmosphere that ignites your senses. It's an invitation to dance, laugh, and revel in the moment. Care to join me?",That sounds intriguing. Which club are you referring to?
"It's none other than ""Euphoria Nights,"" where every moment is an immersive experience of music and joy. Let's lose ourselves in the rhythm together. What do you say?",You know what? I'm up for it! Let's make tonight unforgettable.
Great! Yeah just ask for schmettgala at the door and clear sailing from there. What’s your number?,XXX-XXX-XXXX
Awesome! Can’t wait to meet you.,
"Ah, there you are, a beacon of charm in this bustling city. Tonight, an extraordinary event awaits, and I believe you're the missing piece to complete the puzzle. Would you honor me with your presence?",I'm intrigued. What's this event you speak of?
"It's a night filled with enchantment and endless possibilities. Together, we'll step into the world of ""Nocturnal Revelry,"" a legendary club where dreams come alive. The music will sweep us off our feet, and the ambiance will transport us to a realm of pure joy. Will you join me in this unforgettable journey?","""Nocturnal Revelry""? It sounds like an experience not to be missed. I'm in"
"Excuse me, miss. I couldn't help but notice your captivating presence. Tonight, a dazzling affair awaits, and I can't imagine a more enchanting companion to share it with. Would you do me the honor of joining me?",I'm flattered. What's the event you have in mind?
"It's an immersive experience of music, lights, and boundless joy. Together, we'll step into the realm of ""Midnight Rhapsody,"" a renowned nightclub that sets hearts ablaze. The rhythms will ignite our spirits, and the atmosphere will weave unforgettable memories. If you're willing, I'd love to stay connected beyond this night. Can you share your digits with me?","Your invitation sounds enticing, and I appreciate your directness. Sure, here's my number XXX-XXX-XXXX"
Great! Yeah just ask for schmettgala at the door and clear sailing from there,
"Good evening, miss. Your elegance and grace caught my eye from across the room. Tonight, destiny has orchestrated a remarkable event, and I can't help but feel that our paths were meant to cross. Would you do me the pleasure of accompanying me?",Thank you for your kind words. What's this event you're referring to?
"It's an extraordinary soirée of pulsating beats and exhilarating energy. Together, we'll venture into the realm of ""Moonlit Serenade,"" a prestigious nightclub that embraces the essence of enchantment. The melodies will dance in our hearts, and the ambiance will create an unforgettable symphony. Before we part ways, I'd love to stay connected. May I have the privilege of having your personal number?","Your invitation sounds enticing, and I'm intrigued. Here's my number XXX-XXX-XXXX"
Great! Yeah just ask for schmettgala at the door and clear sailing from there,
"Allow me to be frank, miss. Your radiant smile has bewitched me, and I can't help but imagine the incredible moments we could share together. Tonight, an extraordinary celebration awaits, and I would be honored to have you by my side. Will you grant me the privilege?",Your confidence is quite charming. Tell me more about this celebration.
"It's a kaleidoscope of vibrant lights, electrifying beats, and unbridled joy. Together, we'll step into the world of ""Stardust Soirée,"" a legendary nightclub where dreams take flight. The music will ignite our souls, and the atmosphere will kindle a flame of pure exhilaration. Before we part ways, I'd love to stay in touch. Could I have your personal number?","Your invitation is intriguing, and I appreciate your straightforwardness. Sure, here's my XXX-XXX-XXXX."
Great! Yeah just ask for schmettgala at the door and clear sailing from there,
"Well, hello there, stunning! Your presence here is a serendipitous stroke of luck. Tonight, destiny has aligned the stars, presenting us with an opportunity for an unforgettable adventure. Will you join me in embracing the madness?",I'm curious. What kind of adventure are we talking about?
"Imagine a realm of unbridled hedonism, where the music reverberates through your very soul, and where indulgence knows no bounds. Welcome to ""The Wolf's Den,"" an iconic nightclub that epitomizes the essence of wild liberation. The allure is irresistible, and I can't help but desire to continue our connection beyond this night. Can you share your cell, so we can turn this fleeting moment into an everlasting escapade?",Your proposition is intriguing. Here's my number XXX-XXX-XXXX
Great! Yeah just ask for schmettgala at the door and clear sailing from there,
"Hey there! I came across your profile and couldn't resist reaching out. Have you ever been to Tao, the hottest nightclub in NYC?","Hi! No, I haven't been to Tao yet, but I've heard amazing things about it. What's the occasion?"
"Well, this Saturday, Tao is hosting a special event with a renowned DJ spinning the best beats in town. It's going to be an epic night. Care to join me?",That sounds incredible! I'd love to experience Tao and dance the night away. How do I get in on this?
"I can make sure you have the VIP treatment, no waiting in line. Would you be comfortable sharing your phone number so I can send you the details and make arrangements?",Yeah my digits are XXX-XXX-XXXX
Great! Can't wait to meet you. Just remember to say schmettgala at the door and you are all set,
Hey there! I stumbled upon your profile on Tinder and couldn't help but notice your vibrant personality. How about joining me for an extraordinary night at the most enchanting club in town?,Hello! That sounds intriguing. Tell me more about this club.
"Picture a place straight out of ""The Notebook,"" where dreams come alive and passion fills the air. It's a destination that transcends age, inviting people from all walks of life to celebrate and embrace the joy of living.","I adore ""The Notebook""! Your description has piqued my curiosity. But will I fit in among a younger crowd?"
"Absolutely! This club is all about inclusivity and creating an atmosphere where people of all ages can relish in the moment. Just like Noah and Allie's enduring love, this night will be about making memories that resonate regardless of age.",That's wonderful to hear. When is this captivating night happening?
"The enchantment unfolds on Saturday, June 3rd. Mark it in your calendar because you won't want to miss it. The club will be transformed into a mesmerizing wonderland, evoking the romantic ambiance we saw in ""The Notebook.""",Count me in! Do I need to bring a companion?
"You're more than welcome to bring a friend along, but don't worry if you prefer to come solo. This club radiates warmth and acceptance, much like Noah and Allie found solace in each other's company. You'll feel right at home.",That's reassuring. I appreciate the welcoming atmosphere. Is there anything I should know or bring?
"Just bring your positive energy, a smile, and your love for life. Dress comfortably yet stylishly to fully immerse yourself in the enchanting ambiance. Imagine yourself stepping into the world of Noah and Allie, embracing every moment like it could be your last.",I'll keep that in mind and make sure to dress accordingly. Thank you for the invitation and for creating such an alluring experience. I can't wait to join in.
"It's my pleasure! I'm thrilled to have you be a part of this extraordinary night. To ensure you have all the details, could I kindly ask for your phone number? I'll send you a confirmation message with the address, time, and directions.",Of course! My number is XXX-XXX-XXXX Looking forward to receiving the details.
"Excellent! I'll send you a message shortly with all the information you need. The club is located at [address], and we recommend arriving around 9.00 PM to fully immerse yourself in the ambiance. Remember, just like in ""The Notebook,"" this night is about embracing love and creating cherished memories.","Got it! I'll be there at 9.00 PM, ready to embrace the magic. Thank you once again for the invitation and for sharing this unique experience. See you soon!"
"The pleasure is mine. Get ready for a night filled with romance, laughter, and unforgettable moments. As Noah and Allie discovered, sometimes the most extraordinary experiences happen when you least expect them. Can't wait to see you there!",
"Hey there! I stumbled upon your profile on Tinder, and I must say, you exude a timeless elegance. How about joining me for an unforgettable night at the most exquisite club in town?",Hello! That sounds intriguing. Tell me more about this club.
"Picture a place that captures the spirit of ""Gone with the Wind,"" where sophistication and grandeur intertwine. It's a haven where age is just a number, and individuals with a refined taste for life come together to revel in the magic.","I adore ""Gone with the Wind""! Your description has captivated my imagination. But will I fit in among a younger crowd?"
"Absolutely! This club embodies the timeless allure that permeated the film. Just like Scarlett O'Hara defied conventions, this night will transcend age, inviting people of all generations to immerse themselves in an atmosphere reminiscent of the golden era.",That's wonderful to hear. When is this enchanting night happening?
"Prepare to be swept away on Saturday, June 3rd. The club will transport you to a world where elegance and grace reign supreme, much like the captivating essence of ""Gone with the Wind.""",Count me in! Should I bring someone along?
"You're more than welcome to bring a companion if you wish, but rest assured, you'll find a warm and inviting ambiance awaiting you. Just like the unconventional romance of Scarlett and Rhett, this club embraces individuality and celebrates life's pleasures.",That's reassuring. I appreciate the inclusive atmosphere. Is there anything specific I should know or bring?
"Prepare to channel your inner Scarlett O'Hara by embracing a sense of timeless style. Dress elegantly, yet comfortably, allowing yourself to fully immerse in the enchanting atmosphere. You'll feel like you've stepped into a scene from ""Gone with the Wind,"" embracing every moment with grace and sophistication.",I'll keep that in mind and dress accordingly. Thank you for extending the invitation and creating such an enchanting experience. I'm eagerly looking forward to it.
"It's my pleasure! I'm thrilled to have you join us for this extraordinary night. To ensure you have all the details, could I kindly ask for your phone number? I'll send you a confirmation message with the address, time, and directions.",Of course! My number is XXX-XXX-XXXX. I can't wait to receive the details.
"Perfect! I'll send you a message shortly with all the information you need. The club is located at [address], and we recommend arriving at 9.00 PM to fully immerse yourself in the enchantment. Remember, like Scarlett O'Hara, you possess an indomitable spirit and a taste for the extraordinary.","Got it! I'll be there at 9.00 PM, ready to embrace the grandeur. Thank you once again for the invitation and for sharing this remarkable experience. See you soon!"
"The pleasure is mine. Get ready for a night filled with elegance, laughter, and unforgettable memories. Just as ""Gone with the Wind"" swept us off our feet, this club aims to transport you to a realm of timeless beauty. Can't wait to see you there!",
"Hey there! 👋 I couldn't help but notice your fabulous profile on Tinder. You've got that ""Devil Wears Prada"" level of style. How about joining me for a night of fashion-forward fun at the trendiest club in town? 😎💃","Hello! 🌟 Thank you for the compliment. I love ""The Devil Wears Prada""! Tell me more about this club."
"Get ready for a night that would make Miranda Priestly proud! 🍸👠 This club is where fashion meets the dance floor. Picture an atmosphere as chic as the Runway, with beats that'll make you groove like Andy in Paris. 💃🗼",Sounds absolutely fabulous! But is this club more for the younger crowd?
"Darling, age is just a number when it comes to style and having a blast! This club welcomes fashion-forward individuals of all ages, just like Miranda would approve of a talented assistant like Emily. 😉💼",I'm loving the enthusiasm! When does all the fashion magic happen?
"Mark your calendar for Saturday, June 3rd, because that's when this club transforms into a runway extravaganza. The doors open at 9.00 PM, so get ready to slay the night with your killer fashion game, just like Andy did at the Met Gala. 🌃🔥",Count me in! Do I need to bring anyone with me?
"You're more than welcome to bring a fabulous friend, but if you prefer flying solo like Miranda does in her career, that's equally fierce! This club embraces independent fashionistas ready to make a statement. 💁‍♀️👠",That's empowering! Is there a dress code or anything specific I should know?
"Darling, we're all about turning heads with our style! Dress to impress in your most chic and glamorous outfit. Think ""The Devil Wears Prada"" fashion editorial vibes. It's your moment to shine like Anne Hathaway's transformation! ✨👗",I'll bring out my most fashion-forward look then! Thank you for the invitation and for creating such a stylish experience. I'm excited to join in!
"You're going to slay, darling! Now, to make sure you have all the deets, can I have your phone number? I'll text you the address, time, and directions. 📲🗺️",Sure thing! It's [provides phone number]. Looking forward to receiving the details.
"Fantastic! I'll send you a message soon with everything you need to know. The club is located at [address], and remember to arrive fashionably late around 9.00 PM. Now go channel your inner Miranda and let's make this a night to remember! 💃🌟","Got it! I'll be there, ready to conquer the fashion world. Thank you again for the invitation and for making it so exciting. See you soon!"
"It's my pleasure, darling! Get ready for a night filled with high fashion, good vibes, and unforgettable memories. Together, we'll create a ""Devil Wears Prada"" experience that will have everyone talking. Can't wait to see you there! 😘🎉",
Hey there! 👋 I stumbled upon your intriguing profile on Tinder and couldn't help but notice your eternal charm. How about joining me for a night of enchantment at the most mesmerizing club in town? 🌙✨,Hello! 🌟 That sounds intriguing. Tell me more about this club.
"Get ready to be swept off your feet, just like Bella in ""The Twilight Saga""! This club is where the nightlife meets eternal allure. Picture an atmosphere as captivating as Edward's gaze, with beats that'll make your heart race like a werewolf under the moonlight. 💃🌕",I'm intrigued! But is this club more for the younger crowd?
"My dear, age is but a number when it comes to embracing the magic of the night! This club welcomes souls of all ages, just like Bella found solace in her immortal love. We're all about celebrating the eternal spirit. 😉🖤",That's reassuring. I appreciate the inclusive atmosphere. When does this enchanting night happen?
"Prepare to enter a realm of eternal allure on Saturday, June 3rd. The club doors open at 9.00 PM, and we'll be dancing till the break of dawn, just like the vampires in ""The Twilight Saga."" It's a night you won't want to miss. 🌃🌌",Count me in! Should I bring someone with me?
"You're welcome to bring a companion if you wish, but the allure of the night is equally captivating when you embrace your independence, just like Bella did on her journey. It's a chance to discover your own inner strength and embrace the magic that awaits. 💫💑",That's empowering! Is there a dress code or any specific details I should know?
"Dress to impress with a touch of mystical elegance. Think ""The Twilight Saga"" red carpet vibes. Whether you're Team Edward or Team Jacob, wear something that reflects your unique style and adds a dash of supernatural charm to the night. 🌹👗",I'll bring out my inner vampire glamour then! Thank you for the invitation and for creating such an enchanting experience. I'm excited to be a part of it.
"Prepare to shine like a sparkling vampire! Now, to ensure you have all the details, could I kindly ask for your phone number? I'll send you a text message with the address, time, and directions to the club. 📲🗺️",Of course! My number is XXX-XXX-XXXX. Looking forward to receiving the details.
"Fantastic! I'll message you shortly with all the information you need. The club is located at [address], and remember to arrive fashionably mysterious around 9.00 PM. Get ready for a night filled with immortal allure and memories that will last a lifetime. Can't wait to see you there! 🌙🌟","Got it! I'll be there, ready to embrace the magic. Thank you again for the invitation and for making it so exciting. See you soon!"
"The pleasure is mine! Get ready for a night filled with eternal enchantment, pulsating beats, and unforgettable moments. Just like the love story of Bella and Edward, this night will be etched in your heart forever. See you under the moonlight! 🖤😘",
"Hey there, Counselor! 👋 I couldn't help but notice your impressive profile on Tinder. You've got the moves like Baby from ""Dirty Dancing"". How about joining me for a night of rhythm and romance at the hottest club in town? 💃🕺","Hello! 🌟 Thank you for the compliment. I love ""Dirty Dancing""! Tell me more about this club."
"Get ready to have the time of your life! This club is where the magic of ""Dirty Dancing"" comes to life. Imagine an atmosphere as sizzling as Johnny and Baby's dance moves, with music that'll make you sway to the rhythm of passion. 💥🎶",That sounds incredible! But is this club more suited for a younger crowd?
"Darling, age is just a number on the dance floor of life! This club welcomes dancers of all ages, just like how Baby proved that she could keep up with the best. We're all about embracing the joy and freedom that comes from dancing. 😉💃",That's great to hear. I appreciate the inclusivity. When does this night of dancing take place?
"Mark your calendar for Saturday, June 3rd, because that's when this club turns into a paradise of rhythm and romance. The doors open at 9.00 PM, and we'll be moving and grooving till the break of dawn, just like in ""Dirty Dancing"". It's going to be unforgettable. 🌃🌙",Count me in! Should I bring a dance partner?
"You're more than welcome to bring a dance partner if you have one, but worry not if you don't. This club is filled with passionate dancers eager to twirl and spin, just like Johnny taught Baby. It's an opportunity to let the music guide your steps. 💃🤝🕺",That sounds exciting! Is there a dress code or any specific details I should know?
"Dress to impress with a touch of retro flair! Think ""Dirty Dancing"" vibes, where timeless style meets dance floor elegance. Wear something that makes you feel confident and ready to cha-cha-cha the night away. 💃",I'll bring out my dancing shoes and a killer outfit! Thank you for the invitation and for creating such an enticing experience. I can't wait to join in!
"Get ready to shine like a disco ball on the dance floor! Now, to make sure you have all the details, may I have your phone number? I'll text you the address, time, and directions to the club. 📲🗺️",Of course! My number is XXX-XXX-XXXX. Looking forward to receiving the details.
"Perfect! I'll send you a text message shortly with all the information you need. The club is located at [address], and remember to arrive ready to unleash your inner dancer around 9.00 PM. Get ready for a night filled with rhythm, romance, and unforgettable memories. Can't wait to see you on the dance floor! 💃🎉","Got it! I'll be there, ready to dance the night away. Thank you again for the invitation and for making it so enticing. See you soon!"
"The pleasure is all mine, Counselor! Get ready for a night of electrifying moves, vibrant energy, and passionate connections. Just like in ""Dirty Dancing,"" this club aims to bring people together through the power of dance.",
"Ahoy there, Counselor! 👋 I couldn't help but notice your intriguing profile on Tinder. You've got that Rose-like elegance and determination from ""Titanic"". How about joining me for a night of epic proportions at the most glamorous club in town? 🚢🌹","Hello! 🌟 Thank you for the compliment. I love ""Titanic""! Tell me more about this club."
"Get ready to set sail on a night of grandeur and unforgettable memories, just like Jack and Rose. This club is where the magic of ""Titanic"" comes alive. Picture an atmosphere as opulent as the ship itself, with music that'll sweep you off your feet like the ocean breeze. 💃🎶",That sounds incredible! But is this club more suited for a younger crowd?
"Darling, age is just a number when it comes to experiencing the magnificence of the night! This club welcomes individuals of all ages who appreciate the timeless allure of ""Titanic"". We're all about embracing the spirit of adventure and romance. 😉🌹",That's wonderful to hear. I appreciate the inclusivity. When does this extraordinary night take place?
"Brace yourself for Saturday, June 3rd, when this club transforms into a vessel of dreams. The doors open at 9.00 PM, and we'll be dancing and celebrating until the stars themselves envy us, just like Jack and Rose did on that fateful night. It's going to be an experience to remember. 🌃⭐️",Count me in! Should I bring someone with me?
"You're more than welcome to bring a companion, but fret not if you prefer to embark on this adventure solo. Just like Rose found her courage, this club is a place where you can let your independent spirit shine. It's an opportunity to discover new connections and create your own journey. 💫👫",That's empowering! Is there a dress code or any specific details I should know?
"Dress to impress with a touch of vintage glamour! Think ""Titanic"" first-class elegance, where style meets sophistication. Channel your inner Rose and wear something that exudes timeless beauty and confidence. It's your chance to make a grand entrance. 👗🌹",I'll make sure to bring out my finest attire! Thank you for the invitation and for creating such an extraordinary experience. I can't wait to be a part of it.
"Get ready to make waves like the unsinkable Titanic! Now, to ensure you have all the details, may I kindly request your phone number? I'll send you a text message with the address, time, and directions to the club. 📲🗺️",Of course! My number is XXX-XXX-XXXX. Looking forward to receiving the details.
"Excellent! I'll message you shortly with all the information you need. The club is located at [address], and remember to arrive with the grace and poise of a true first-class passenger around 9.00 PM. Get ready for a night of enchantment, grandeur, and memories that will stand the test of time. Can't wait to see you there! 🚢🎉","Got it! I'll be there, ready to embrace the magic. Thank you again for the invitation and for making it so extraordinary. See you soon!"
"The pleasure is all mine, Counselor! Prepare for a night filled with elegance, enchantment, and connections",
"🎉 Hey there, beautiful! I hope you're ready to turn up the heat and make some unforgettable memories! 🔥✨ It's your lucky day because I've got an offer you can't refuse. How about an epic night out at the hottest club in town? 🎊💃",Hey! That sounds like a great time! Tell me more. 😉
"Absolutely! Picture this- a pulsating dance floor, vibrant lights, and an atmosphere that screams excitement! 🌟🎶 We've got the best DJs spinning mind-blowing beats all night long. It's a sensory overload that will make your heart race and your body move like never before. 💃💥","Wow, that sounds incredible! I'm definitely interested. 😉"
"That's the spirit! 😄✨ To ensure you don't miss out on the party of a lifetime, I'll need your phone number. Drop those digits, gorgeous! 📱😉","Haha, smooth! Here it is- [phone number]."
"Got it! 🙌📲 Now, mark your calendar for this Saturday night, the 28th of May. We're opening our doors at 10 PM, but the real magic starts around midnight, so don't be fashionably late! 😉⌛",Noted! I'll make sure to be there on time!
"Perfect! Now, let me guide you to our dazzling venue. It's located at 123 Party Avenue. You won't miss it; just look for the neon lights that scream ""FUN""! 🌈✨",Sounds like a party paradise! I'll find my way there.
"You bet it is! Oh, and dress to impress, my dear. It's all about turning heads and stealing the spotlight. Think glamorous and chic—wear something that makes you feel like a million bucks! 💃💫",I'm ready to make heads turn! I'll find the perfect outfit.
"That's the attitude! You're going to be the life of the party, I can already tell. 🌟🔥 Get ready for an unforgettable night filled with laughter, dancing, and all-around good vibes. This is going to be an experience you'll be talking about for years to come! 💃🎉",I can't wait! Thank you for inviting me. I'm looking forward to it!
"The pleasure is all mine! 🙏🎊 Get ready to have the time of your life, my radiant friend. If you have any questions or need further information, feel free to reach out. Prepare to embrace the night and let the good times roll! 🥳✨",
"Old sport, I must say your Tinder profile caught my attention like a beacon in the night! 🌟✨ The Great Gatsby himself would be envious of your beauty! How about we embark on a night of opulence and revelry? Join me at the most extravagant club in town, where the champagne flows like a river and the music sets hearts on fire! 🥂🎶💃","Well, hello there! Your invitation has piqued my curiosity! Do tell me more about this lavish night you're proposing. 😄🎉"
"Ah, my dear, prepare to be transported to a world of glamour and excess! 🌃💫 This Saturday night, we shall conquer Club Gilded. It's a place where the roaring '20s come alive, where elegance meets extravagance, and the party is as endless as the night sky! 💃🏻✨🎩","Wow, that sounds absolutely enchanting! Count me in! What do I need to do to secure my place in this glamorous affair? 😊🥂"
"Wonderful! I knew you had a taste for the extraordinary, my dear. To ensure your presence, I shall require your phone number. Can't have you miss out on any last-minute surprises or secret soirées, can we? 😉📲",Absolutely! Here's my number 555-1234. I eagerly await those delightful surprises you speak of! 😄🎉
"Marvelous, my dear! Your entry to the realm of enchantment is secured. 🙌🏻 Now, let me provide you with the essential details. The revelry shall commence at 9 PM sharp, for time is of the essence, and we wouldn't want to keep destiny waiting! ⌛️🕘",Noted! I shall be punctual and ready to dive into a night of wonder! 💃🏻🌠
"A splendid resolve, my dear! Now, Club Gilded is nestled at 123 Jazz Age Avenue. Look for the grand façade adorned with glittering lights, reminiscent of the parties of yore. Let the echoes of jazz guide you to the gateway of grandeur! 🎷🌟✨",Perfect! I shall follow the rhythm and find my way to this magical abode. Any suggestions on what to wear to match the elegance and splendor of the evening? 😄👗🎩
"Ah, fashion is the armor to survive the reality of the party, my dear! Dress to the nines, for tonight, we shall celebrate in true Gatsby style. Ladies shall adorn themselves with the finest flapper dresses, pearls, and feathers, while gentlemen shall dazzle in tailored suits and the finest bowties. Let us create a tableau of magnificence! 💃🏻🕺🏻🎉",Absolutely marvelous! I shall channel my inner Daisy Buchanan and Jay Gatsby
"Hoo-ah! Howdy, ma'am! 👋😎 I stumbled upon your captivating profile on Tinder and couldn't help but feel a scent of excitement in the air. You're an artist, and I'm about to show you a night that will make Scent of a Woman pale in comparison! 🎨🌃🍷","Well, hello there! Your enthusiasm is contagious! Tell me more about this thrilling night you're proposing. 😊🎉"
"Ah, my dear artist, get ready for a masterpiece of a night! 🖌️🌟 This Saturday, we're taking over Club Canvas. It's a haven where creativity meets indulgence, where the brushstrokes of music ignite the soul, and every corner whispers tales of inspiration! 🎶💃🏻✨","Wow, that sounds absolutely captivating! Count me in! What do I need to do to secure my place in this artistic adventure? 😄🎨"
"Wonderful! Let's paint the town red together, my dear. To ensure your presence, I kindly request your phone number. Can't have you missing out on any artful surprises or spontaneous dance-offs, can we? 😉📲",Absolutely! Here's my number 555-1234. I can't wait to embrace those artistic surprises you have up your sleeve! 😊🎉
"Thank you kindly, my muse! Your spot among the artists is secured. 🙌🏻 Now, let me unveil the details of our night. We embark on our artistic journey at 9 PM sharp, for time waits for no artist, and we must seize the moment! ⌛️🕘",Noted! I shall be punctual and ready to immerse myself in a night of creative wonders! 🖌️🌟
"A splendid resolve, my dear artist! Now, Club Canvas awaits you at 123 Art Avenue. Look for the neon lights that paint the night sky, reminiscent of a Jackson Pollock masterpiece. Let the brushstrokes of music guide you to the sanctuary of imagination! 🎶🌃✨",Perfect! I shall follow the rhythm and find my way to this artistic sanctuary. Any suggestions on what to wear to match the vibrant atmosphere of the night? 😄👗🎨
"Ah, fashion is the palette on which we paint our identities, my dear artist! Dress in colors that speak to your soul, embrace the freedom of self-expression. From chic bohemian dresses to bold, eclectic ensembles, let your attire be your artistic statement. Let us create a visual symphony! 💃🏻🎨🌈",Absolutely marvelous! I shall let my artistic spirit guide my fashion choices for the night. Can't wait to immerse myself in this masterpiece of an evening! 🎨✨🌃
"Greetings, my dear! 👋😄 I stumbled upon your delightful profile on Tinder, and I must say, you exude a certain charm and sophistication. Allow me to extend an invitation for an evening of elegance and excitement at the most exclusive club in town. Are you ready to embark on a night that will leave you breathless? 🌟✨🎉","Well, hello there! Your invitation sounds intriguing! I'm curious to know more about this sophisticated night you're proposing. 😊🍸"
"Ah, my dear sorority girl, prepare to be dazzled by an unforgettable experience! ✨🌃 This Saturday, we're taking over Club Elysium. It's a haven where elegance meets excitement, where the beats resonate with sophistication, and every moment is a celebration of life's pleasures! 🎶💃🥂","Wow, that sounds absolutely enchanting! I'm in! What should I do to secure my place in this glamorous affair? 😄🎉"
"Delighted to have you on board, my dear! To ensure your presence among the chosen few, I kindly request your phone number. We wouldn't want any refined updates or exclusive surprises to pass you by, would we? 😉📲",Absolutely! Here's my number 555-1234. I can't wait to be part of this sophisticated experience! 😊🎉
"Thank you kindly, my elegant companion! Your reservation for an unforgettable night has been secured. 🙌🏻 Now, let me present you with the essential details. Our elegant soirée commences at 9 PM sharp, for punctuality is the hallmark of sophistication, and we shall not keep the night waiting! ⌛️🕘",Noted! I shall be punctual and ready to immerse myself in a night of refined delights! 💃🏼✨
"A splendid commitment, my dear! Club Elysium awaits you at 123 Refined Avenue. Look for the grand entrance adorned with golden accents and a red carpet fit for royalty. Let the allure guide you to the realm of refined pleasures! 🏛🌟✨",Perfect! I shall follow the path of sophistication and find my way to this exquisite destination. Is there any dress code I should be aware of to match the elegant ambiance of the night? 😄👗💎
"Ah, fashion is the language of elegance, my dear! Dress to impress, and let your refined taste shine. The dress code for the evening is cocktail attire, where classic silhouettes meet contemporary chic. Ladies shall grace the venue in stylish dresses, while gentlemen shall exude charm in tailored suits or blazers. Let us create a visual symphony of sophistication! 💃🏼🎩🌹",Absolutely marvelous!
"Greetings, traveler! 👋😄 I couldn't help but notice your adventurous spirit shining through your Tinder profile. As a brilliant club promoter, I invite you to a night of electrifying excitement and unforgettable memories. Are you ready to embark on a journey into the pulsating heart of the city's nightlife? 🌃🌟🎉","Well, hello there! Your invitation sounds intriguing! I'm curious to know more about this captivating night you're proposing. 😊🎉"
"Ah, my adventurous soul, get ready for a night you'll remember long after your travels. ✨⚡ This Saturday, we're taking over Club Pulse. It's a haven where the energy is contagious, the music electrifies your soul, and every beat takes you on a wild journey of euphoria! 🎶💃🏻🌟","Wow, that sounds absolutely captivating! Count me in! How do I secure my place in this exhilarating adventure? 😄🎉"
"Delighted to have you on board, my intrepid explorer! To ensure your presence among the lucky few, I kindly request your phone number. This way, I can keep you informed about secret pop-up events and hidden gems that will make your night even more unforgettable. 😉📲",Absolutely! Here's my number 555-1234. I can't wait to explore the hidden wonders you have in store for me! 😊🎉
"Thank you kindly, my daring companion! Your spot in the realm of excitement is secured. 🙌🏻 Now, let me reveal the essential details. Our journey into the nightlife commences at 9 PM sharp, for the night waits for no one, and we must seize every moment! ⌛️🕘","Noted! I'll be ready and punctual, eager to immerse myself in the vibrant energy of the night! 💃🏻✨"
"A brilliant resolve, my fellow adventurer! Club Pulse awaits you at 123 Vibrant Street. Look for the neon lights that illuminate the night sky, drawing you closer to the heart of the city's electrifying beats. Let the rhythm guide you to our sanctuary of thrill and wonder! 🌟🌃✨",Perfect! I shall follow the pulse of the city and find my way to this exhilarating destination. Is there any specific attire I should don to match the vibrant ambiance of the night? 😄👗🕺
"Ah, fashion is the art of self-expression, my intrepid explorer! Dress comfortably yet stylishly, ready to dance the night away. Embrace the fusion of chic and casual, allowing your adventurous spirit to shine. From trendy dresses to fashionable jeans paired with a statement top, let your attire reflect your free-spirited nature. Let us create a visual spectacle of wanderlust! 💃🏻🌈🌟",Absolutely marvelous! I shall let my adventurous soul guide my fashion choices for the night. Can't wait to embark on this thrilling journey with you! 🎉✨🌃
"Greetings, globetrotter! 👋😄 Your adventurous spirit and captivating photos caught my eye on Tinder. I invite you to a night of excitement and exploration, where the echoes of your alma mater and the wonders of the world converge. Are you ready to embark on a thrilling journey? 🌟🎉","Well, hello there! Your invitation sounds intriguing! I'm curious to know more about this captivating night you're proposing, especially with the references to my college and travels. 😊🌃"
"Ah, my fellow adventurer, get ready to experience a night that transcends borders and embraces the magic of your alma mater and your global wanderings! ✨⚡ This Saturday, we're taking over Club Odyssey, where the spirit of your college and the essence of your travels intertwine.","Wow, that sounds absolutely captivating! Count me in! I'm excited to see how you bring together my college memories and my travel experiences. How can I secure my place in this exhilarating adventure? 😄🎉"
"Delighted to have an adventurous soul like yours on board! To ensure your presence among the chosen few, I kindly request your phone number. This way, I can keep you informed about exclusive surprises that reflect your college spirit and wanderlust. 😉📲",Absolutely! Here's my number 555-1234. I can't wait to uncover the unique blend of my alma mater and my travels in this captivating night! 😊🎉
"Thank you kindly, my fellow explorer! Your spot in this extraordinary journey is secured. 🙌🏻 Now, let me unveil the essential details. Our adventure into the nightlife begins at 9 PM sharp, for the night beckons us to embrace the unknown and make memories that will last a lifetime! ⌛️🕘",Noted! I'll be punctual and ready to immerse myself in this thrilling fusion of my college spirit and my travel experiences! 💃🏻✨
"A brilliant commitment, my intrepid companion! Club Odyssey awaits you at 123 Wanderlust Street. Look for the entrance adorned with symbols that pay homage to your alma mater and your favorite destinations. Let the magic of the night guide you to the crossroads of memories and adventure! 🌟🌃✨","Perfect! I shall follow the signs that connect me to my past and my globetrotting spirit, and find my way to this extraordinary destination. Is there any particular dress code I should be aware of to complement this captivating ambiance? 😄👗🌍"
"Ah, fashion is the art of self-expression, my fellow traveler! Embrace your personal style and let it reflect the vibrant tapestry of your experiences. Dress stylishly yet comfortably, ready to dance the night away. Whether it's a chic cocktail dress or a trendy ensemble inspired by your favorite cultural destinations, let your attire speak of the extraordinary chapters you've lived.",
"Hey there! 👋😄 I stumbled upon your fascinating Tinder profile, and I must say, your love for art and that breathtaking photo at the Met caught my attention! As a club promoter here in the vibrant heart of NYC, I invite you to a night of artistic immersion and electrifying beats. Are you ready to turn your passions into an unforgettable experience? 🌟🎉","Well, hello! Your invitation sounds intriguing! I'm curious to know more about this artistic night you're proposing, especially with your nod to my love for art. 😊🌃"
"Ah, my fellow art enthusiast, get ready for a night that blends the beauty of creativity with the pulsating energy of NYC's nightlife! ✨⚡ This Saturday, we're taking over Gallery Groove, where the walls come alive with mesmerizing art and the beats set your soul on fire. It's a haven where imagination runs wild, and every corner becomes a canvas for extraordinary experiences! 🎶💃🏻🌟","Wow, that sounds absolutely captivating! Count me in! I'm excited to explore the intersection of art and music in this unique night. How can I secure my spot in this unforgettable experience? 😄🎉"
"Delighted to have an art lover like you join us! To ensure your presence among the lucky few, may I kindly request your phone number? This way, I can keep you updated on exclusive art-inspired surprises that will make your night even more magical. 😉📲",Absolutely! Here's my number 555-1234. I can't wait to immerse myself in this artistic adventure! 😊🎉
"Thank you kindly, my creative companion! Your spot in this extraordinary night is secured. 🙌🏻 Now, let me reveal the essential details. Our artistic journey commences at 9 PM sharp, for the night is filled with infinite possibilities waiting to be discovered! ⌛️🕘","Noted! I'll be there on time, ready to let my imagination soar in this captivating atmosphere! 💃🏻✨"
"A brilliant commitment, my fellow art enthusiast! Gallery Groove awaits you at 123 Vibrant Street. Look for the neon lights that illuminate the night sky, drawing you closer to the epicenter of art and music in the city. Let the rhythm guide you to the intersection of creativity and exhilaration! 🌟🌃✨",Perfect! I'll follow the luminous path and find my way to this artistic haven. Is there a particular dress code I should be aware of to complement the vibrant ambiance? 😄👗🎨
"Ah, fashion is the perfect medium for self-expression at Gallery Groove! Embrace your artistic style and let it reflect the vibrant colors and textures of your favorite artworks. Dress stylishly yet comfortably, ready to dance and mingle.",Great! Can’t wait to meet you!
"Hey there, enchanting soul! 👋😄 I stumbled upon your captivating Tinder profile, and I must say, your words danced like poetry and your zest for adventure ignited a spark within me! As a club promoter immersed in the vibrant tapestry of NYC, I invite you to a night where dreams collide and melodies paint the air. Shall we intertwine our destinies for an extraordinary journey? 🌟🎉","Well, hello, poetic spirit! Your invitation has already cast a spell upon my imagination! I'm curious to know more about this wondrous night you speak of, especially with your alluring references to the magic I hold dear. 😊🌃"
"Ah, fair wanderer of the night, prepare to be whisked away on a melodic odyssey that transcends the ordinary! Imagine a celestial symphony resonating through the corridors of a secret realm, where souls intertwine, and time surrenders to the rhythm. This Saturday, we shall wander into the realms of the Twilight Garden, where passion blooms and melodies enchant. Are you ready to embrace the harmonies of destiny? 🎶🌺🌟",Your words paint a vivid tapestry of enchantment! Count me in! I'm eager to explore the harmonious convergence of dreams and music on this extraordinary night. How can I embark on this mystical journey with you? 😄🎉
"Delighted to have you embark on this ethereal expedition with me, my kindred spirit! In order to ensure your presence among the chosen few, might I request your phone number? Through this connection, I can share secret whispers of the night and enchanting surprises that shall ignite your senses. 😉📲",Absolutely! Here's my number 555-1234. I eagerly anticipate the magical moments that await us! 😊🎉
"Thank you, fair muse, for gracing me with your presence! Your place in this mystical night is secured. 🙌🏻 Now, let me unveil the sacred secrets. Our celestial journey commences at the stroke of 9 PM, when the fabric of reality bends and the universe bestows its blessings upon us! ⌛️🕘","Noted! I shall arrive punctually, ready to surrender to the enchantment and embrace the cosmic vibrations that await! 💃🏻✨"
